Geolocation,Commodity,Price_PHP,Year,Month
....Abra,"RICE, WELL-MILLED, 1 KG",57.38,2026,September
....Agusan del Norte,"RICE, WELL-MILLED, 1 KG",53.58,2026,September
....Agusan del Sur,"RICE, WELL-MILLED, 1 KG",56.31,2026,September
....Aklan,"RICE, WELL-MILLED, 1 KG",55.06,2026,September
....Albay,"RICE, WELL-MILLED, 1 KG",53.87,2026,September
....Antique,"RICE, WELL-MILLED, 1 KG",54.96,2026,September
....Apayao,"RICE, WELL-MILLED, 1 KG",47.68,2026,September
....Aurora,"RICE, WELL-MILLED, 1 KG",52.41,2026,September
....Basilan,"RICE, WELL-MILLED, 1 KG",57.31,2026,September
....Bataan,"RICE, WELL-MILLED, 1 KG",53.39,2026,September
....Batanes,"RICE, WELL-MILLED, 1 KG",69.06,2026,September
....Batangas,"RICE, WELL-MILLED, 1 KG",56.08,2026,September
....Benguet,"RICE, WELL-MILLED, 1 KG",52.25,2026,September
....Biliran,"RICE, WELL-MILLED, 1 KG",56.89,2026,September
....Bohol,"RICE, WELL-MILLED, 1 KG",55.73,2026,September
....Bukidnon,"RICE, WELL-MILLED, 1 KG",57.22,2026,September
....Bulacan,"RICE, WELL-MILLED, 1 KG",54.41,2026,September
....Cagayan,"RICE, WELL-MILLED, 1 KG",48.47,2026,September
....Camarines Norte,"RICE, WELL-MILLED, 1 KG",58.84,2026,September
....Camarines Sur,"RICE, WELL-MILLED, 1 KG",53.42,2026,September
....Camiguin,"RICE, WELL-MILLED, 1 KG",53.7,2026,September
....Capiz,"RICE, WELL-MILLED, 1 KG",53.79,2026,September
....Catanduanes,"RICE, WELL-MILLED, 1 KG",54.85,2026,September
....Cavite,"RICE, WELL-MILLED, 1 KG",52.36,2026,September
....Cebu,"RICE, WELL-MILLED, 1 KG",56.12,2026,September
....City of Angeles,"RICE, WELL-MILLED, 1 KG",51.57,2026,September
....City of Bacolod,"RICE, WELL-MILLED, 1 KG",62.72,2026,September
....City of Baguio,"RICE, WELL-MILLED, 1 KG",57.64,2026,September
....City of Butuan,"RICE, WELL-MILLED, 1 KG",57.12,2026,September
....City of Cagayan De Oro,"RICE, WELL-MILLED, 1 KG",61.49,2026,September
....City of Cebu,"RICE, WELL-MILLED, 1 KG",63.56,2026,September
....City of Cotabato,"RICE, WELL-MILLED, 1 KG",52.92,2026,September
....City of Davao,"RICE, WELL-MILLED, 1 KG",62.06,2026,September
....City of General Santos,"RICE, WELL-MILLED, 1 KG",52.92,2026,September
....City of Iligan,"RICE, WELL-MILLED, 1 KG",52.75,2026,September
....City of Iloilo,"RICE, WELL-MILLED, 1 KG",58.77,2026,September
....City of Isabela,"RICE, WELL-MILLED, 1 KG",54.93,2026,September
....City of Lapu-lapu,"RICE, WELL-MILLED, 1 KG",62.11,2026,September
....City of Lucena,"RICE, WELL-MILLED, 1 KG",53.25,2026,September
....City of Mandaue,"RICE, WELL-MILLED, 1 KG",57.41,2026,September
....City of Olongapo,"RICE, WELL-MILLED, 1 KG",58.94,2026,September
....City of Puerto Princesa,"RICE, WELL-MILLED, 1 KG",64.67,2026,September
....City of Tacloban,"RICE, WELL-MILLED, 1 KG",58.92,2026,September
....Cotabato (North Cotabato),"RICE, WELL-MILLED, 1 KG",57.33,2026,September
....Davao Occidental,"RICE, WELL-MILLED, 1 KG",56.75,2026,September
....Davao Oriental,"RICE, WELL-MILLED, 1 KG",57.63,2026,September
....Davao del Norte,"RICE, WELL-MILLED, 1 KG",58.32,2026,September
....Davao del Sur,"RICE, WELL-MILLED, 1 KG",59.17,2026,September
....Dinagat Islands,"RICE, WELL-MILLED, 1 KG",59.98,2026,September
....Eastern Samar,"RICE, WELL-MILLED, 1 KG",58.9,2026,September
....Guimaras,"RICE, WELL-MILLED, 1 KG",60.33,2026,September
....Ifugao,"RICE, WELL-MILLED, 1 KG",52.29,2026,September
....Ilocos Norte,"RICE, WELL-MILLED, 1 KG",50.59,2026,September
....Ilocos Sur,"RICE, WELL-MILLED, 1 KG",49.65,2026,September
....Iloilo,"RICE, WELL-MILLED, 1 KG",57.84,2026,September
....Isabela,"RICE, WELL-MILLED, 1 KG",52.55,2026,September
....Kalinga,"RICE, WELL-MILLED, 1 KG",50.63,2026,September
....La Union,"RICE, WELL-MILLED, 1 KG",52.98,2026,September
....Laguna,"RICE, WELL-MILLED, 1 KG",52.68,2026,September
....Lanao del Norte,"RICE, WELL-MILLED, 1 KG",51.73,2026,September
....Lanao del Sur,"RICE, WELL-MILLED, 1 KG",60.27,2026,September
....Leyte,"RICE, WELL-MILLED, 1 KG",61.11,2026,September
....Maguindanao,"RICE, WELL-MILLED, 1 KG",54.88,2026,September
....Marinduque,"RICE, WELL-MILLED, 1 KG",56.89,2026,September
....Masbate,"RICE, WELL-MILLED, 1 KG",53.35,2026,September
....Misamis Occidental,"RICE, WELL-MILLED, 1 KG",54.78,2026,September
....Misamis Oriental,"RICE, WELL-MILLED, 1 KG",61.44,2026,September
....Mountain Province,"RICE, WELL-MILLED, 1 KG",58.75,2026,September
....Negros Occidental,"RICE, WELL-MILLED, 1 KG",52.3,2026,September
....Negros Oriental,"RICE, WELL-MILLED, 1 KG",57.75,2026,September
....Northern Samar,"RICE, WELL-MILLED, 1 KG",54.0,2026,September
....Nueva Ecija,"RICE, WELL-MILLED, 1 KG",48.78,2026,September
....Nueva Vizcaya,"RICE, WELL-MILLED, 1 KG",50.38,2026,September
....Occidental Mindoro,"RICE, WELL-MILLED, 1 KG",53.29,2026,September
....Oriental Mindoro,"RICE, WELL-MILLED, 1 KG",50.93,2026,September
....Palawan,"RICE, WELL-MILLED, 1 KG",55.25,2026,September
....Pampanga,"RICE, WELL-MILLED, 1 KG",51.07,2026,September
....Pangasinan,"RICE, WELL-MILLED, 1 KG",54.19,2026,September
....Quezon,"RICE, WELL-MILLED, 1 KG",53.38,2026,September
....Quirino,"RICE, WELL-MILLED, 1 KG",51.15,2026,September
....Rizal,"RICE, WELL-MILLED, 1 KG",53.81,2026,September
....Romblon,"RICE, WELL-MILLED, 1 KG",53.29,2026,September
....Samar,"RICE, WELL-MILLED, 1 KG",57.04,2026,September
....Sarangani,"RICE, WELL-MILLED, 1 KG",56.0,2026,September
....Siquijor,"RICE, WELL-MILLED, 1 KG",59.79,2026,September
....Sorsogon,"RICE, WELL-MILLED, 1 KG",59.77,2026,September
....South Cotabato,"RICE, WELL-MILLED, 1 KG",51.64,2026,September
....Southern Leyte,"RICE, WELL-MILLED, 1 KG",56.97,2026,September
....Sultan Kudarat,"RICE, WELL-MILLED, 1 KG",51.66,2026,September
....Surigao del Norte,"RICE, WELL-MILLED, 1 KG",55.83,2026,September
....Surigao del Sur,"RICE, WELL-MILLED, 1 KG",56.21,2026,September
....Tarlac,"RICE, WELL-MILLED, 1 KG",51.73,2026,September
....Tawi-Tawi,"RICE, WELL-MILLED, 1 KG",64.29,2026,September
....Zambales,"RICE, WELL-MILLED, 1 KG",55.68,2026,September
....Zamboanga City,"RICE, WELL-MILLED, 1 KG",55.11,2026,September
....Zamboanga Sibugay,"RICE, WELL-MILLED, 1 KG",58.58,2026,September
....Zamboanga del Norte,"RICE, WELL-MILLED, 1 KG",54.5,2026,September
....Zamboanga del Sur,"RICE, WELL-MILLED, 1 KG",55.2,2026,September
..BARMM - Bangsamoro Autonomous Region in Muslim Mindanao,"RICE, WELL-MILLED, 1 KG",57.93,2026,September
..CAR - Cordillera Administrative Region,"RICE, WELL-MILLED, 1 KG",53.8,2026,September
..I - Ilocos Region,"RICE, WELL-MILLED, 1 KG",51.85,2026,September
..II - Cagayan Valley,"RICE, WELL-MILLED, 1 KG",54.32,2026,September
..III - Central Luzon,"RICE, WELL-MILLED, 1 KG",53.11,2026,September
..IV-A - CALABARZON,"RICE, WELL-MILLED, 1 KG",53.59,2026,September
..IX - Zamboanga Peninsula,"RICE, WELL-MILLED, 1 KG",55.66,2026,September
..MIMAROPA Region,"RICE, WELL-MILLED, 1 KG",55.72,2026,September
..NCR - National Capital Region,"RICE, WELL-MILLED, 1 KG",52.66,2026,September
..Negros Island Region (NIR),"RICE, WELL-MILLED, 1 KG",58.14,2026,September
..V - Bicol Region,"RICE, WELL-MILLED, 1 KG",55.68,2026,September
..VI - Western Visayas,"RICE, WELL-MILLED, 1 KG",56.79,2026,September
..VII - Central Visayas,"RICE, WELL-MILLED, 1 KG",58.99,2026,September
..VIII - Eastern Visayas,"RICE, WELL-MILLED, 1 KG",57.69,2026,September
..X - Northern Mindanao,"RICE, WELL-MILLED, 1 KG",56.16,2026,September
..XI - Davao Region,"RICE, WELL-MILLED, 1 KG",58.79,2026,September
..XII - SOCCSKSARGEN,"RICE, WELL-MILLED, 1 KG",53.91,2026,September
..XIII - Caraga,"RICE, WELL-MILLED, 1 KG",56.51,2026,September
Philippines,"RICE, WELL-MILLED, 1 KG",55.68,2026,September
